{"cameraMode":{"drawMode":0,"name":"Shaded","section":"Shading Mode"},"sceneLighting":false,"audioPlay":false,"sceneViewState":{"showFog":true,"showMaterialUpdate":false,"showSkybox":true,"showFlares":true,"showImageEffects":true,"showParticleSystems":true},"in2DMode":false,"pivot":{"x":6.005593776702881,"y":-0.44154787063598635,"z":-0.10455083847045899},"rotation":{"x":-0.16609813272953034,"y":-0.019260108470916749,"z":0.003244752064347267,"w":-0.9859157800674439},"size":8.00901985168457,"orthographic":false}