{"cameraMode":{"drawMode":0,"name":"Shaded","section":"Shading Mode"},"sceneLighting":true,"audioPlay":false,"sceneViewState":{"showFog":true,"showMaterialUpdate":false,"showSkybox":true,"showFlares":true,"showImageEffects":true,"showParticleSystems":true},"in2DMode":false,"pivot":{"x":432.75592041015627,"y":144.2792205810547,"z":167.67758178710938},"rotation":{"x":0.020600907504558564,"y":-0.03152092173695564,"z":-0.0006498608272522688,"w":-0.9992905855178833},"size":542.4430541992188,"orthographic":false}