{"cameraMode":{"drawMode":0,"name":"Shaded","section":"Shading Mode"},"sceneLighting":true,"audioPlay":false,"sceneViewState":{"showFog":true,"showMaterialUpdate":false,"showSkybox":true,"showFlares":true,"showImageEffects":true,"showParticleSystems":true},"in2DMode":false,"pivot":{"x":-0.4965749680995941,"y":4.487758159637451,"z":-0.08544754981994629},"rotation":{"x":-0.36798709630966189,"y":0.013916164636611939,"z":-0.005508169531822205,"w":-0.9297104477882385},"size":4.041658401489258,"orthographic":false}