{"cameraMode":{"drawMode":0,"name":"Shaded","section":"Shading Mode"},"sceneLighting":false,"audioPlay":false,"sceneViewState":{"showFog":true,"showMaterialUpdate":false,"showSkybox":true,"showFlares":true,"showImageEffects":true,"showParticleSystems":true},"in2DMode":false,"pivot":{"x":-6.152805328369141,"y":2.4370906352996828,"z":0.03786659240722656},"rotation":{"x":-0.017317894846200944,"y":-0.8412661552429199,"z":0.5396687388420105,"w":-0.02700192667543888},"size":13.635786056518555,"orthographic":false}